cluster_id,cluster_name,confidence,E_code,T_code,D_code,C_code,diagnostic_features,notes
CL01,Cream convex opaque,High,E-MT01,T-MT08,D-MT02,C-MT01,"White-cream, circular convex, entire margin, opaque, smooth glistening, 1-4 mm","Standard cream colony phenotype; ubiquitous baseline morphotype across all zones. Size varies (E ~1-3mm, T ~2.5mm, D ~2-3mm) but core phenotype stable."
CL02,Warm cream translucent,High,E-MT02,T-MT01,D-MT01,,"Warm cream, circular convex, entire, semi-translucent (milky interior), smooth glistening, 3-6 mm",Distinguished from CL01 by translucency and warmer tone. Probable mucoid character (pending loop test in T and D). Among the most abundant morphotypes across all three zones.
CL03,Transparent punctiform,High,E-MT08,T-MT12,D-MT12,,"Transparent to near-clear, circular convex punctiform, entire, smooth glistening, 0.5-1 mm, water-drop appearance","Dominant or co-dominant morphotype in all three zones (E: 32.4%, T: 23.0%, D: 22.0%). The single most consistently abundant phenotype across the gradient. Very high confidence match."
CL04,White punctiform,Moderate,E-MT05,T-MT03,D-MT05,C-MT05,"White opaque, punctiform convex, entire, smooth glistening, 0.5-1 mm","Distinguished from CL03 by opacity (white vs transparent). E-MT05 = 25.6% of E-zone; D-MT05 = 16.2% of D-zone. T-MT03 described as translucent rather than opaque — possible mismatch, but size and shape match closely."
CL05,Yellow small,High,E-MT04,T-MT07,,C-MT02,"Yellow, circular convex, entire, smooth glistening, opaque, ~1 mm",Small distinctly pigmented type. No clear Dark-zone equivalent — D-zone lacks a yellow small convex morphotype. Absence from Dark zone may be ecologically meaningful.
CL06,Dark-center pigmented,High,E-MT06,T-MT06,D-MT08,C-MT04,"Dark purple-black center with pale/grey border, low elevation, matte, opaque, ~1-2 mm","Highly distinctive pigmentation pattern makes this the highest-confidence cross-zone match. Present at low abundance in all three zones (E: 0.9%, T: 0.4%, D: 1.1%). C-MT04 (purple-lilac) is the control equivalent."
CL07,Mucoid large translucent,Moderate,E-MT09,T-MT09,D-MT03,,"Large (5-10 mm), mucoid, translucent, irregular colony shape, convex, glistening",Functional phenotype (mucoid character) shared across zones. Size and translucency match well. Colony deformation noted in all descriptions. Confidence moderate because mucoid phenotypes are hard to resolve without physical manipulation.
CL08,Spectral yellow-green mat,Moderate,"E-MT07, E-MT10",T-MT10,D-MT11,C-MT03,"Flat spreading, translucent yellow-green, radial/diffuse margin, glistening, 6-20 mm","E-zone has two variants (E-MT07: uniform pigment, large; E-MT10: umbonate center with halo). T-MT10 and D-MT11 match the general spectral spreading concept. C-MT03 matches. Note: E-MT07 and E-MT10 may represent the same organism at different developmental stages."
CL09,Transparent convex (non-punctiform),Low,,T-MT02,,,"Transparent, circular convex, entire, smooth glistening, 0.5-1 mm",T-MT02 is described as water-drop transparent (similar to T-MT12/CL03) but recorded separately by the observer. May be the same organism as CL03 or a distinct transparent morphotype. Requires resolution — currently T-MT02 is the 2nd most abundant T-zone type (13.9%). LOW CONFIDENCE: possible synonym of CL03.
CL10,Halo-bearing umbonate,Moderate,,T-MT04,,,"Pale white center with clear halo, umbonate, slightly irregular margin, matte, 2-3 mm","T-MT04 is the 5th most abundant T-zone morphotype (10.0%) but has no clear E or D equivalent. E-MT12 (silver center, translucent halo) is superficially similar but smaller and differently pigmented. Zone-restricted or unique to Transition."
CL11,White umbonate,Low,E-MT03,,,,"White-cream, circular umbonate, entire, smooth glistening, ~2 mm, opaque",E-MT03 has no confident match in T or D. The umbonate profile is diagnostic but rare (0.9% of E-zone). Zone-restricted.
CL12,Pale pink/crystalline,Low,E-MT11,,,,,"White-cream with faint pink tone, circular convex, semi-translucent crystalline, 1.5-4 mm"
CL13,Silver-metallic halo,Low,E-MT12,,,,,"White to silver center, translucent halo, umbonate, low luster, 1-2 mm"
CL14,Milky yellow,Low,,T-MT11,D-MT04,,"Pale milky yellow, circular convex, translucent, ~2-3 mm","T-MT11 restricted to R3 only (5.5% overall but 1/5 frequency). D-MT04 has similar description (milky yellow, semi-translucent). Moderate match on phenotype but low frequency in T undermines confidence."
CL15,Crateriform matte,Low,,,D-MT06,,"White-cream, crateriform slightly wrinkled, diffuse irregular margin, dry matte, ~1.5 mm","Zone-restricted to Dark (16.6%, 3rd dominant). No E or T equivalent. The crateriform dry morphology is distinctive and absent from lighter zones — may represent a genuine Dark-zone specialist."
CL16,Central-crater white,Low,,,D-MT07,,"White, elevated with subtle central crater, entire subtly irregular, matte, ~2 mm",Zone-restricted to Dark. Distinguished from D-MT06 by entire margin and higher elevation. No E or T match.
CL17,Translucent yellow mucoid,Low,,,D-MT09,,"Translucent yellow, circular convex, mucoid, 6-8 mm",Zone-restricted to Dark. Yellow pigmentation + mucoid character. Rare (1.1%).
CL18,Red-pink translucent,Low,,,D-MT10,,"Pale translucent red-pink, circular convex, mucoid, liquid-like deformation, 6-8 mm","Zone-restricted to Dark. Highly distinctive pigmentation. Very rare (0.4%, 2/5 reps)."
CL19,Transparent umbonate,Low,,T-MT05,,,"Transparent, punctiform umbonate (central tip), entire, smooth glistening, ~1 mm",Distinguished from T-MT02/T-MT12 by umbonate profile. Zone-restricted to Transition. Low abundance (2.9%).
CL20,Fungal rhizoid (Penicillium-like),High,E-MT14,T-MT14,,,"Pale cream, rhizoid with abundant hyphae, matte fungal texture, 10-50 mm",Penicillium-like morphology consistent across E and T. Not detected in D. Fungal.
CL21,Fungal pubescent,Moderate,E-MT13,T-MT13,D-MT13,C-MT06,"White, pubescent/hairy, elevated, matte opaque, radial margin, 10-22 mm",Pubescent fungal-like growth in all zones + control. E-MT13 more filamentous/rhizoid; T-MT13 and D-MT13 more pubescent/convex. Moderate confidence due to morphological variation within the cluster.
CL22,Fungal large asymmetric,Low,E-MT15,,,,"Very pale white, flat, very large (40-50 mm), matte, asymmetric radial growth",Zone-restricted to Entrance. Large asymmetric fungal growth. Very rare.
